Phrase,No. of Emails,Fitness
address,1352,24.335999
business,1662,29.915998
email,1791,32.238
money,1465,26.37
more,2547,45.846
over,1659,29.862
price,1730,31.14
"more,internationa",2858,45.728004
"email,failure",1914,30.624
"price,less",1958,31.328001
"business,address",2592,41.472
"over,power",1983,31.728
"money,suite",1761,28.176
"order,investment",1766,28.256
"website,last",1450,23.2
"late,professional",1725,27.6
"within,medic",1464,23.424002
"online,full",1592,25.472
"prices,internet",1484,23.744001
"more,software",2783,44.528004
"more,internationa,size",3024,42.336002
"business,address,world,versions",3177,38.124
"email,extra",2101,33.616
"over,power,spam,weight",2383,28.596
"price,less,international",2274,31.835999
"price,without,plans",2212,30.968
"email,failure,doll,break",2734,32.808
"business,soft,max",2595,36.33
"over,cheap",1892,30.272
"order,investment,full",2189,30.645998
"money,suite,choose,desire",1987,23.844002
"late,professional,internet",2187,30.618
"money,statements",1701,27.216002
"online,full,fun",2224,31.135998
"address,event",1778,28.448
"prices,internet,limited,font",1952,23.424002
"within,medic,best,sex",2423,29.076
"remove,major,las",1846,25.844
"stock,save,bank",1789,25.045998
"order,hour",1594,25.504002
"fun,always,professional",1887,26.418001
"interested,computer,project",1803,25.241999
"remove,looking",1559,24.944002
"online,increase",1424,22.784002
"link,medic",1413,22.608
"more,las,client,pain",3211,38.532
"more,internationa,securities,div",3144,37.728
"more,software,run,break",3077,36.924
"more,internationa,size,bank",3351,40.212
"business,address,perfect,database",2862,34.344
"business,soft,max,bar",2928,35.136
"email,extra,prices,internet,limited,font",3281,26.248001
"email,full",2284,36.544003
"over,power,link,hours,communication",2947,29.47
"price,less,investment,adobe,meds",2504,25.04
"price,late,professional,internet",3057,36.684002
"online,full,fun,late",2736,32.832
"order,investment,full,over",2887,34.644
"over,cheap,best",2424,33.935997
"business,link",2420,38.72
"within,medic,best,sex,prices",2867,28.67
"over,power,spam,weight,soft",2959,29.59
"address,event,prom,hour",2522,30.264002
"order,investment,security,fast,body",2617,26.17
"money,suite,image,rest",2256,27.072002
"late,professional,details",2047,28.658
"money,statements,office,computron",2238,26.856
"fun,always,professional,remove",2593,31.116001
"money,program,event",2161,30.254
"remove,major,las,late,perfect",2625,26.25
"order,hour,details,statement,within",2547,25.47
"online,full,watch,size,bell",2338,23.38
"stock,save,bank,products,titles",2237,22.37
"remove,looking,prom,products",2361,28.332003
"address,doll,strong",2194,30.715998
"prices,internet,auto,face,results",2548,25.48
"within,medic,multi,music",1934,23.208
"website,last,best,sex",2476,29.712002
"link,medic,increase,draw,personal,law",2810,22.48
"doll,break,software,instant",2096,25.152002
"remove,major,world,health,awesome",2416,24.16
"prices,wind,content,security,fast",2488,24.88
"transfer,wait,interested,soft,max",2403,24.03
"best,phone,las",1810,25.34
"million,reader,website",1929,27.005999
"stock,save,increase",1648,23.071999
"soft,red,core,results",1893,22.716002
"order,private,run",1729,24.206
"world,versions,professional",1829,25.605999
"million,watch",1491,23.856
"details,statement,fun",1719,24.065998
"within,last,spam",1726,24.164
"online,transfer,wait",1648,23.071999
"office,hour",1420,22.72
"more,die,strong,results,affiliate",3281,32.81
"more,internationa,remove,looking",3382,40.584
"more,software,over,power,link,hours,communication",4108,24.648
"more,internationa,size,professional",3288,39.456
"business,address,increase,draw",3075,36.9
"more,internationa,size,bank,million,reader,content",3735,22.41
"business,link,bank,international,wind",3164,31.64
"more,las,client,pain,project,internet",3652,29.216002
"more,software,run,break,million,technology",3580,28.64
"price,late,professional,internet,website,last",3660,29.28
"email,full,program,der,entertainment,last",3165,25.32
"business,soft,max,link,hours,communication",3582,28.656
"over,cheap,best,order,investment,full",3420,27.36
"email,extra,online,full,fun,late",3676,29.408
"email,over,power,spam,weight",3202,32.02
"price,less,international,power,fast",2773,27.73
"over,power,las,client,pain",2802,28.02
"price,within,medic,multi,music",2887,28.87
"online,full,fun,office,computron",2766,27.66
"price,without,plans,office,health",2787,27.87
"email,failure,prices,internet,limited,font",3092,24.736
"late,professional,internet,results,affiliate,fast",2826,22.608
"over,cheap,die,strong,looking",2576,25.76
"money,program,event,online,increase",2915,29.15
"business,security,fast",2335,32.69
"over,stock,save,bank",2562,30.744001
"website,last,best,sex,bank,international",3111,24.888
"address,event,doll,strong",2413,28.956001
"money,suite,office,health,fat,pill",2795,22.36
"late,professional,online,full",2855,34.260002
"money,statements,world",2288,32.031998
"money,soft",2252,36.031998
"remove,major,las,order",2578,30.936
"order,hour,doll,break,software,instant",2971,23.768
"best,phone,las,link,hours",2599,25.99
"address,website",2169,34.704002
"order,private,run,anti,bar",2571,25.71
"million,watch,fun,always",2021,24.252003
"prices,internet,online,transfer,wait",2586,25.86
"office,hour,best,sex",2402,28.824001
"interested,computer,increase,draw,office",2320,23.2
"program,event,stock,soft,max",2377,23.77
"link,hours,personal,law,best",2380,23.8
"late,perfect,prom,hour",2266,27.192001
"software,watch,color,million",2275,27.3
"website,last,website,within",1945,23.34
"investment,security,world,versions",2013,24.156
"stock,save,link",2046,28.644
"online,project,quit,private",1955,23.46
"more,bank,international,wind,content",3471,34.71
"more,internationa,more,las,client,pain",3449,27.592
"more,software,online,full",3478,41.736
"business,address,within,medic",3296,39.552002
"more,internationa,size,bank,money,soft",4046,32.368
"business,link,world,versions,professional",3430,34.3
"more,internationa,securities,div,over,cheap,best",3941,23.646002
"more,software,run,break,price,without,plans",3937,23.622002
"price,late,professional,internet,late,perfect",3149,25.192
"email,full,online,full,fun,late",3545,28.36
"email,extra,over,power,spam,weight,soft",3879,23.274002
"email,money,statements",2692,37.688
"over,power,project,internet",2618,31.416
"price,prices,internet,limited,font",2439,24.39
"online,full,fun,anti,bar",2967,29.67
"address,doll,strong,address",2194,26.328001
"over,cheap,website,last,best,sex",3484,27.872
"business,late,professional,details",3023,36.276
"over,address,event,doll,strong",3033,30.33
"order,investment,software,watch,color,million",3028,24.224
"fun,always,professional,office,hour",2609,26.09
"money,order,investment,security,fast,body",3206,25.648
"order,hour,bank,international,wind",2628,26.28
"remove,looking,million,watch",2590,31.080002
"online,increase,investment,security",2297,27.564001
"doll,strong,remove,major",2194,26.328001
"doll,break,prom,products",2151,25.812002
"million,technology,world,health,awesome",2283,22.83
"best,sex,transfer,wait,interested",2427,24.27
"auto,face,results,best,phone",2372,23.72
"more,order,hour,bank,international,wind",3845,30.76
"more,internationa,world,limited,font",3460,34.6
"more,software,stock,save,link",3736,37.36
"more,software,online,full,email,full",4083,32.664
"business,address,money,suite,choose,desire",3460,27.68
"more,internationa,size,bank,remove,major",3711,29.688
"more,internationa,size,professional,office,hour",3661,29.288
"business,link,million,watch,fun,always",3444,27.552
"more,las,client,pain,price,less",3923,31.384
"more,internationa,securities,div,business,soft,max",4173,25.038
"price,late,professional,internet,email,failure",3841,30.728
"money,soft,order,private,run",3164,31.64
"business,soft,max,bar,million,watch",3438,27.504002
"address,website,website,last,best,sex",3299,26.392
"order,investment,full,over,prices,internet",3581,28.648
"late,professional,online,full,price",3623,36.23
"more,die,strong,results,affiliate,email",3889,31.112
"more,internationa,size,bank,money,soft,business",4424,26.544
"price,less,international,money",3155,37.86
"over,power,interested,computer,project",3008,30.08
"order,investment,full,money,suite",3064,30.64
"over,cheap,order,investment",2805,33.660004
"over,order,hour",2684,37.576
"late,professional,online,full",2855,34.260002
"money,statements,project,internet",2364,28.368
"address,website,last",2521,35.294
"within,last,spam,doll,break",2348,23.48
